zone,electrodes,h2,lag,nwd,wd
ez_pz,C4-C5--C6-C7,"[0.22931527400812068, 0.4116772645804566, 0.47905400239993634, 0.4666977726363107, 0.31652958594943087, 0.063113480122621, 0.04869862408120054, 0.048939726441057145, 0.0580525595620791, 0.04234842171538409, 0.0667180697784525, 0.355368698793286, 0.6846486999144497, 0.5314931511129654, 0.5660699071426045, 0.6270193887181561, 0.701377461155042, 0.812036168665847, 0.8139473222756862, 0.7676245370701371]","[2.0, 0.0, -2.0, -1.0, 0.0, -79.0, -54.0, 43.0, 27.0, 34.0, -44.0, 3.0, -4.0, -1.0, 21.0, 20.0, -4.0, -3.0, -2.0, -2.0]",-0.2,-0.3020288936573738
ez_niz,C4-C5--C7-C8,"[0.0892449285118129, 0.22356594452858325, 0.11280980398599709, 0.06946862714889898, 0.09864055970185023, 0.11698712801970199, 0.08522615643829583, 0.06799679455370684, 0.06414813116431921, 0.04523456375501005, 0.07014514935239126, 0.3291382858297723, 0.3253728747341742, 0.3880053729675956, 0.3702771745997256, 0.39142929169999285, 0.32662229758027506, 0.40446656928814556, 0.5567848264162922, 0.5759811915361506]","[82.0, -1.0, 64.0, 59.0, -2.0, 96.0, -84.0, 24.0, 73.0, 74.0, -23.0, -57.0, 16.0, -4.0, -6.0, -7.0, -6.0, -5.0, -3.0, -2.0]",-0.1,-0.48796765331782577
pz_niz,C6-C7--C7-C8,"[0.07936505304427849, 0.12213249205446827, 0.08711786567360635, 0.08981714093992454, 0.12253226925789061, 0.31192384933629685, 0.6458820620909684, 0.7082215042123158, 0.6355663406249937, 0.5812431446927888, 0.6328158796616774, 0.22362613947720156, 0.4082420510841343, 0.5915780590286817, 0.5577414740763467, 0.4072904291744825, 0.3568262207841974, 0.3840968626474254, 0.4900982953774495, 0.4966693489872672]","[-22.0, -79.0, -69.0, -95.0, -3.0, -1.0, 0.0, -1.0, 0.0, 0.0, 0.0, 5.0, 48.0, 28.0, 27.0, 26.0, 26.0, 2.0, 0.0, -25.0]",-0.05,-0.346121172924747
