zone,electrodes,h2,lag,nwd,wd
ez_pz,C6-C7--C7-C8,"[0.07936505304427849, 0.12213249205446827, 0.08711786567360635, 0.08981714093992454, 0.12253226925789061, 0.31192384933629685, 0.6458820620909684, 0.7082215042123158, 0.6355663406249937, 0.5812431446927888, 0.6328158796616774, 0.22362613947720156, 0.4082420510841343, 0.5915780590286817, 0.5577414740763467, 0.4072904291744825, 0.3568262207841974, 0.3840968626474254, 0.4900982953774495, 0.4966693489872672]","[-22.0, -79.0, -69.0, -95.0, -3.0, -1.0, 0.0, -1.0, 0.0, 0.0, 0.0, 5.0, 48.0, 28.0, 27.0, 26.0, 26.0, 2.0, 0.0, -25.0]",-0.06666666666666667,-0.346121172924747
ez_niz,C6-C7--C81-C82,"[0.10450069178916124, 0.0905933766677382, 0.10513847877887963, 0.1863265129033007, 0.13969604899057123, 0.08907585768929373, 0.048019683053591035, 0.04650841491733155, 0.05147051064669725, 0.06457903326081399, 0.11041747221952748, 0.17921163929938108, 0.4117890707097242, 0.6489488725822314, 0.6082686479667047, 0.5690344287820424, 0.563709815130043, 0.6356178742433698, 0.6926176341380036, 0.5599440937508705]","[-16.0, 13.0, -20.0, 4.0, 67.0, 49.0, 4.0, 59.0, -53.0, -71.0, 42.0, 60.0, 0.0, -2.0, -2.0, -1.0, -2.0, -3.0, -4.0, 5.0]",0.15789473684210525,0.7077571592729708
pz_niz,C7-C8--C81-C82,"[0.13405170309075246, 0.09243099597826072, 0.16262845800807557, 0.19724189881894696, 0.16059323688648935, 0.08769021650303611, 0.06838090862025174, 0.055672742946523926, 0.05021575337039455, 0.051560275027317255, 0.15949279362626612, 0.1111698731349631, 0.3181001586163548, 0.49457767876999986, 0.39476350791627973, 0.2826044886483729, 0.29307726270008827, 0.37986425999012097, 0.5231021631019978, 0.606446970175498]","[94.0, 12.0, -63.0, 59.0, 57.0, 26.0, -78.0, -59.0, -93.0, -43.0, 59.0, -21.0, 72.0, -5.0, -6.0, -97.0, -7.0, -6.0, -5.0, -6.0]",0.0,0.2878402297635486
